,LEAD_REFERENCE_NUMBER,CAMPAIGN_CODE,CIF,MARKETING_MESSAGE_LINE1,MARKETING_MESSAGE_LINE2,MARKETING_MESSAGE_LINE3,MARKETING_MESSAGE_LINE4,MARKETING_MESSAGE_LINE5,MARKETING_MESSAGE_LINE6,BRANCH_CODE,PERSONALIZED_MESSAGE,PRODUCT_OFFER,PROVINCE_CODE,REGION,CAMPAIGN_TYPE,LEAD_STATUS_CODE,OWNER_EMPLOYEE_ID,REFER_NAME,RESPONSE_DATE_TIME,RESPONSE_CODE
9,LMAY004166681,,187209,,,,,,,719,,AYFDLMF,,60201,,1,234419,,2018-06-03T09:45:25Z,
56,LMAY003973419,,5804309,,,,,,,333,,AYFDLMF,,50101,,1,11111531,,2018-01-10T10:30:20Z,
99,LMCM003972536,,900012366,,,,,,,288,,CMLXXXX,,60403,,10,11049624,,2018-01-18T10:14:50Z,
278,LMAY003976426,,10220442,,,,,,,719,,AYFDLMF,,60201,,1,11076403,,2018-01-11T19:07:48Z,
294,LMPA004009374,,639903,,,,,,,322,,PACCRPL,,60201,,1,388231,,2018-02-08T14:44:05Z,
373,LMAY003975345,,700734,,,,,,,326,,AYFMTFI,,50101,,1,197764,,2018-01-11T12:02:53Z,
421,LMMT003971455,,4125410,,,,,,,55,,MTFLTFX,,60201,,1,230383,,2018-01-08T18:11:04Z,
423,LMAY003971471,,3922008,,,,,,,55,,AYFDRMF,,60201,,1,230383,,2018-01-08T18:16:34Z,
578,LMAY003977857,,12070497,,,,,,,96,,AYFDLMF,,60201,,1,158444,,2018-01-12T17:36:33Z,
800,LMMT004015760,,5858508,,,,,,,719,,MTFLTFX,,60201,,1,145383,,2018-02-13T15:18:45Z,
861,LMPA004016855,,9272538,,,,,,,349,,PAPMPLS,,60201,,1,262725,,2018-02-13T19:05:57Z,
897,LMAY004005966,,12049211,,,,,,,50,,AYFDRMF,,60201,,1,91751,,2018-02-06T09:51:54Z,
937,LMAY003976829,,12726206,,,,,,,719,,AYFDLMF,,60201,,1,234419,,2018-01-12T10:25:46Z,
1069,LMMT003979605,,17431380,,,,,,,358,,MTFLTFX,,60403,,1,11126653,,2018-01-15T11:53:01Z,
1102,LMAY004087396,,25652,,,,,,,688,,AYFPLUS,,50101,,1,342063,,2018-04-09T11:21:11Z,
1108,LMAY004166771,,17429797,,,,,,,652,,AYFPLUS,,60403,,1,181651,,2018-06-03T13:39:16Z,
1159,LMAY003980650,,768757,,,,,,,333,,AYF7LMF,,50101,,1,11111531,,2018-01-15T18:32:05Z,
1180,LMMT003980108,,17561123,,,,,,,648,,MTFLTFX,,50101,,1,179887,,2018-01-15T16:19:45Z,
1213,LMPA003982045,,4521180,,,,,,,333,,PACCRXX,,50101,,1,157289,,2018-01-16T16:16:04Z,
1222,LMIN003981703,,5331731,,,,,,,367,,INHHLTH,,60403,,2,90274,,2018-01-16T14:25:51Z,
1225,LMAY003981804,,7903570,,,,,,,326,,AYFDLMF,,50101,,1,197764,,2018-01-16T15:06:26Z,
1236,LMAY004005402,,6018525,,,,,,,149,,AYFPLUS,,60201,,1,104786,,2018-02-05T15:24:47Z,
1262,LMAY003980404,,4042681,,,,,,,326,,AYFPLUS,,50101,,1,121350,,2018-01-15T17:34:50Z,
1342,LMMT003983176,,3955162,,,,,,,358,,MTFLTFX,,60403,,1,11126653,,2018-01-17T08:53:58Z,
1359,LMAY003982793,,15457576,,,,,,,373,,AYF7LMF,,50101,,1,11107265,,2018-01-16T18:18:04Z,
1364,LMSV004006369,,900012700,,,,,,,530,,SVGXXXX,,60403,,1,236687,,2018-02-06T13:37:52Z,
1402,LMPA004067137,,13536681,,,,,,,367,,PAPMPLS,,60403,,1,85886,,2018-03-21T10:51:06Z,
1469,LMMG003986167,,16027906,,,,,,,288,,MGLCASH,,60403,,3,137406,,2018-07-10T18:57:41Z,
1518,LMPR003989230,,100000000039142,,,,,,,140,,PROMPTX,,60403,,1,395566,,2018-01-19T14:43:31Z,
1521,LMSV003991406,,100000000039161,,,,,,,140,,SVGATMX,,60403,,1,395566,,2018-01-22T16:04:04Z,
1522,LMPR003991407,,100000000039161,,,,,,,140,,PROMPTX,,60403,,1,395566,,2018-01-22T16:04:04Z,
1535,LMAY003993277,,494290,,,,,,,718,,AYFCAPL,,60403,,1,181727,,2018-01-23T17:48:48Z,
1596,LMMT003984896,,6688700,,,,,,,358,,MTFLTFX,,60403,,1,11126653,,2018-01-17T16:51:16Z,
1674,LMAY003987298,,10749362,,,,,,,648,,AYFDLMF,,50101,,1,179887,,2018-01-18T16:09:12Z,
1796,LMSV003998575,,100000000039223,,,,,,,140,,SVGATMX,,60403,,1,395566,,2018-01-29T16:21:50Z,
1797,LMPR003998576,,100000000039223,,,,,,,140,,PROMPTX,,60403,,1,395566,,2018-01-29T16:21:50Z,
1798,LMKM003998577,,100000000039223,,,,,,,140,,KMAXXXX,,60403,,1,395566,,2018-01-29T16:21:50Z,
1841,LMAY003996110,,3736848,,,,,,,333,,AYFPLUS,,50101,,1,11111531,,2018-01-26T09:40:11Z,
1900,LMSV004009202,,100000000039342,,,,,,,140,,SVGXXXX,,60403,,1,395566,,2018-02-08T13:18:18Z,
1933,LMMT003994348,,3284050,,,,,,,719,,MTFLTFX,,60201,,1,145383,,2018-01-24T16:27:41Z,
2011,LMMT003983589,,12200561,,,,,,,322,,MTFLTFX,,60201,,1,133850,,2018-01-17T11:23:06Z,
2052,LMIN004006080,,137138,,,,,,,392,,INAPASK,,60403,,2,80838,,2018-02-06T10:27:48Z,
2066,LMAY004010809,,610142,,,,,,,373,,AYFCRMF,,50101,,1,11107265,,2018-02-09T12:25:24Z,
2093,LMMT003983472,,774893,,,,,,,719,,MTFLTFX,,60201,,1,145383,,2018-01-17T10:41:16Z,
2123,LMAY004007676,,13368688,,,,,,,411,,AYFSINC,,60403,,1,11084274,,2018-02-07T11:50:41Z,
2168,LMPA004009449,,930668,,,,,,,322,,PACCRPL,,60201,,1,388231,,2018-02-08T15:13:51Z,
2169,LMAY004007445,,17641145,,,,,,,719,,AYF7LMF,,60201,,1,405241,,2018-02-07T09:53:30Z,
2178,LMAY004008658,,16475593,,,,,,,719,,AYFDLMF,,60201,,1,405241,,2018-02-07T20:32:30Z,
2187,LMMT003981695,,5212587,,,,,,,367,,MTFXXXX,,60403,,1,90274,,2018-01-16T14:23:48Z,
2192,LMSV004006997,,100000000039304,,,,,,,140,,SVGATMX,,60403,,1,395566,,2018-02-06T17:37:35Z,
2193,LMMT004006998,,100000000039304,,,,,,,140,,MTFMIXX,,60403,,1,395566,,2018-02-06T17:37:35Z,
2285,LMAY003985178,,12700113,,,,,,,96,,AYFDLMF,,60201,,1,158444,,2018-01-17T17:30:57Z,
2399,LMMT004007675,,12268330,,,,,,,411,,MTFLTFX,,60403,,1,11084274,,2018-02-07T11:49:30Z,
2431,LMAY004009420,,10219569,,,,,,,373,,AYFDLMF,,50101,,1,11107265,,2018-02-08T14:59:14Z,
2490,LMMT004087211,,1110254,,,,,,,719,,MTFLTFX,,60201,,1,145383,,2018-04-09T10:02:23Z,
2596,LMAY004093105,,7137,,,,,,,358,,AYFSDIV,,60403,,1,181842,,2018-04-11T15:09:38Z,
2794,LMSV004090420,,100000000040351,,,,,,,140,walk in,SVGATMX,,60403,,1,395566,,2018-04-10T15:53:28Z,
2810,LMAY004088720,,6174160,,,,,,,96,,AYFDLMF,,60201,,1,158444,,2018-04-09T18:06:46Z,
2942,LMMT004090189,,4266989,,,,,,,55,,MTFLTFX,,60201,,1,230383,,2018-04-10T14:40:20Z,
2979,LMPR004019835,,717282,,,,,,,149,,PRNSCHN,,60201,,1,11154648,,2018-02-15T10:30:11Z,
3003,LMPA004016849,,8196091,,,,,,,349,,PACCRXX,,60201,,1,262725,,2018-02-13T19:04:06Z,
3004,LMPA004016851,,8196091,,,,,,,349,,PAPMPLS,,60201,,1,262725,,2018-02-13T19:05:06Z,
3018,LMPR004019294,,15602488,,,,,,,55,,PRNSCHN,,60201,,1,230383,,2018-02-14T18:56:06Z,
3019,LMAY004019306,,713740,,,,,,,55,,AYFSDIV,,60201,,1,230383,,2018-02-14T19:02:54Z,
3026,LMAY004011639,,3609523,,,,,,,373,,AYFDRMF,,50101,,1,11107265,,2018-02-09T17:40:23Z,
3082,LMAY004011716,,3814695,,,,,,,373,,AYFSLMF,,50101,,1,11107265,,2018-02-09T18:03:06Z,
3208,LMMT004016305,,8255128,,,,,,,96,,MTFLTFX,,60201,,1,135640,,2018-02-13T17:01:38Z,
3255,LMPA004014911,,5140331,,,,,,,349,,PACCRXX,,60201,,1,262725,,2018-02-13T09:56:02Z,
3264,LMAY004013055,,4243523,,,,,,,719,,AYFDLMF,,60201,,1,405241,,2018-02-11T20:44:05Z,
3265,LMAY004015071,,13844130,,,,,,,358,,AYFCAPL,,60403,,1,11126653,,2018-02-13T10:50:23Z,
3290,LMAY004139312,,12868618,,,,,,,373,,AYF7LMF,,50101,,1,11133352,,2018-05-14T14:35:16Z,
3305,LMSV004090477,,100000000040352,,,,,,,140,,SVGATMX,,60403,,1,395566,,2018-04-10T16:04:42Z,
3306,LMPR004090478,,100000000040352,,,,,,,140,,PROMPTX,,60403,,1,395566,,2018-04-10T16:04:42Z,
3307,LMKM004090479,,100000000040352,,,,,,,140,,KMAXXXX,,60403,,1,395566,,2018-04-10T16:04:42Z,
3346,LMPA004091521,,17998743,,,,,,,711,,PAPMPLS,,50101,,1,234963,,2018-04-10T19:13:22Z,
3423,LMMT004102889,,11193396,,,,,,,358,,MTFLTFX,,60403,,1,11126653,,2018-04-17T16:48:42Z,
3480,LMPA004094011,,4198082,,,,,,,322,,PACCRPL,,60201,,1,369074,,2018-04-11T17:28:07Z,
3568,LMMT004139438,,5096715,,,,,,,96,,MTFLTFX,,60201,,1,158444,,2018-05-14T14:56:34Z,
3604,LMAY004101623,,8048017,,,,,,,367,,AYFGOLD,,60403,,1,85886,,2018-04-17T12:47:54Z,
3649,LMMT004097548,,11577265,,,,,,,349,,MTFLTFX,,60201,,1,150607,,2018-04-12T16:23:31Z,
3651,LMAY004103544,,3404638,,,,,,,96,,AYFDLMF,,60201,,1,158444,,2018-04-17T17:53:24Z,
3692,LMPR004010902,,6523401,,,,,,,514,,PRNSCHN,,60403,,1,166314,,2018-02-09T13:41:59Z,
3788,LMPA004094864,,6998116,,,,,,,378,,PAPMPLS,,50101,,1,258574,,2018-04-12T08:56:43Z,
3794,LMPA004011775,,4188885,,,,,,,378,,PAPMPLS,,50101,,1,258574,,2018-02-09T18:23:39Z,
3901,LMPR004103774,,22021206,,,,,,,652,,PRNSCHN,,60403,,1,11052537,,2018-04-17T19:01:58Z,
3950,LMMT004099821,,5858508,,,,,,,719,,MTFLTFX,,60201,,1,234419,,2018-04-16T10:59:02Z,
3991,LMMT004099882,,8919574,,,,,,,719,,MTFLTFX,,60201,,1,145383,,2018-04-16T11:51:58Z,
4031,LMMT004100299,,5587916,,,,,,,719,,MTFLTFX,,60201,,1,145383,,2018-04-16T16:37:39Z,
4260,LMMT004130036,,3284050,,,,,,,96,,MTFLTFX,,60201,,1,158444,,2018-05-07T18:14:14Z,
4273,LMSV004128987,,100000000040756,,,,,,,140,ลูกค้่าสาขา,SVGXXXX,,60403,,1,395566,,2018-05-07T11:24:14Z,
4274,LMKM004128988,,100000000040756,,,,,,,140,,KMAXXXX,,60403,,1,395566,,2018-05-07T11:24:14Z,
4308,LMPA004128927,,9473416,,,,,,,140,,PAPMPLS,,60403,,1,395566,,2018-05-07T10:34:30Z,
4409,LMAY004104640,,12220527,,,,,,,140,,AYFCAPL,,60403,,1,317420,,2018-04-18T12:23:40Z,
4454,LMSV004105898,,100000000040436,,,,,,,140,ลูกค้าสาขา,SVGXXXX,,60403,,1,395566,,2018-04-18T17:27:39Z,
4554,LMSV004105914,,100000000040438,,,,,,,140,ลูกค้า walk in,SVGXXXX,,60403,,1,395566,,2018-04-18T17:31:10Z,
4555,LMKM004105915,,100000000040438,,,,,,,140,walk in,KMAXXXX,,60403,,1,395566,,2018-04-18T17:31:10Z,
4679,LMSV003986463,,100000000039122,,,,,,,140,,SVGATMX,,60403,,1,395566,,2018-01-18T11:36:40Z,
4683,LMKM003986464,,100000000039122,,,,,,,140,,KMAXXXX,,60403,,1,395566,,2018-01-18T11:36:40Z,
4684,LMPR003986465,,100000000039122,,,,,,,140,,PROMPTX,,60403,,1,395566,,2018-01-18T11:36:40Z,
4771,LMAY003986766,,19361575,,,,,,,288,,AYFCASH,,60403,,2,137406,,2018-04-17T17:13:08Z,
4773,LMSV003988685,,100000000039141,,,,,,,140,,SVGATMX,,60403,,1,11198330,,2018-01-19T10:43:39Z,
4783,LMSV003989223,,100000000039142,,,,,,,140,,SVGATMX,,60403,,1,395566,,2018-01-19T14:43:12Z,
4784,LMKM003989224,,100000000039142,,,,,,,140,,KMAXXXX,,60403,,1,395566,,2018-01-19T14:43:12Z,
4785,LMSM003989225,,100000000039142,,,,,,,140,,SMSXXXX,,60403,,1,395566,,2018-01-19T14:43:12Z,
4852,LMAY004018819,,12110212,,,,,,,96,,AYFDLMF,,60201,,1,158444,,2018-02-14T17:33:29Z,
4909,LMPA004014735,,3284909,,,,,,,349,,PACCRXX,,60201,,1,262725,,2018-02-13T09:11:49Z,
4980,LMCR004022750,,980287,,,,,,,367,,CRLXXXX,,60403,,10,90274,,2018-02-16T09:36:45Z,
5040,LMAY004014693,,10220442,,,,,,,719,,AYFSDIV,,60201,,1,234419,,2018-02-13T08:53:40Z,
5102,LMMT004015804,,12226610,,,,,,,719,,MTFLTFX,,60201,,1,145383,,2018-02-13T15:32:24Z,
5144,LMAY004014231,,3695975,,,,,,,333,lm leads,AYFPLUS,,50101,,10,11111531,,2018-02-12T17:43:45Z,
5160,LMPR004024337,,7152198,,,,,,,55,,PRNSCHN,,60201,,1,230383,,2018-02-16T17:13:13Z,
5201,LMAY004015512,,15577293,,,,,,,411,อัพเดทกองทุน,AYFSDIV,,60403,,1,11084274,,2018-02-13T13:57:13Z,
5215,LMAY004014442,,13640498,,,,,,,96,,AYFDLMF,,60201,,1,158444,,2018-02-12T18:26:09Z,
5260,LMPA004032497,,502134,,,,,,,367,,PAPMPLS,,60403,,1,85886,,2018-02-22T16:35:43Z,
5331,LMMT004022755,,16397434,,,,,,,367,,MTFXXXX,,60403,,1,90274,,2018-02-16T09:38:15Z,
5332,LMAY004019283,,14457863,,,,,,,55,,AYFDLMF,,60201,,1,230383,,2018-02-14T18:53:22Z,
5344,LMAY004015556,,3939715,,,,,,,411,ลงทุน KF-CISINCOMKF-AFIXโทรอัพเดทข้อมูล,AYFDYNA,,60403,,1,11084274,,2018-02-13T14:11:00Z,
5370,LMAY004023041,,4207499,,,,,,,792,,AYFSDIV,,60201,,1,192641,,2018-02-16T11:22:56Z,
5434,LMPR004019298,,15628518,,,,,,,55,,PRNSCHN,,60201,,1,230383,,2018-02-14T18:57:32Z,
5443,LMAY004020425,,4369656,,,,,,,378,,AYF7LMF,,50101,,1,336537,,2018-02-15T12:59:15Z,
5595,LMMT004030749,,8580136,,,,,,,149,,MTFLTFX,,60201,,1,92981,,2018-02-21T17:01:38Z,
5654,LMSV004109722,,100000000040504,,,,,,,140,,SVGATMX,,60403,,1,395566,,2018-04-20T16:17:22Z,
5655,LMKM004109723,,100000000040504,,,,,,,140,,KMAXXXX,,60403,,1,395566,,2018-04-20T16:17:22Z,
5656,LMPR004109724,,100000000040504,,,,,,,140,,PROMPTX,,60403,,1,395566,,2018-04-20T16:17:22Z,
5773,LMSV004000106,,100000000039243,,,,,,,140,,SVGATMX,,60403,,1,395566,,2018-01-30T17:45:05Z,
5774,LMKM004000107,,100000000039243,,,,,,,140,,KMAXXXX,,60403,,1,395566,,2018-01-30T17:45:05Z,
5775,LMSM004000108,,100000000039243,,,,,,,140,,SMSXXXX,,60403,,1,395566,,2018-01-30T17:45:05Z,
5844,LMPA003998177,,100000000039221,,,,,,,140,,PAPMPLS,,60403,,1,395566,,2018-01-29T12:19:51Z,
5946,LMMT004036786,,12419545,,,,,,,688,,MTFLTFX,,50101,,1,342063,,2018-02-26T20:07:46Z,
5947,LMMT004036791,,12741895,,,,,,,688,,MTFLTFX,,50101,,1,342063,,2018-02-26T20:13:30Z,
5965,LMPA004036126,,8621584,,,,,,,367,,PAPMPLS,,60403,,1,85886,,2018-02-26T16:28:37Z,
5966,LMPA004036129,,8799753,,,,,,,367,,PAPMPLS,,60403,,1,85886,,2018-02-26T16:29:39Z,
5969,LMMT004036464,,4367344,,,,,,,688,,MTFLTFX,,50101,,1,342063,,2018-02-26T17:55:20Z,
5980,LMPR004032845,,7302588,,,,,,,140,Call,PRNSCHN,,60403,,1,395566,,2018-02-22T17:54:11Z,
5990,LMPR004032835,,17279282,,,,,,,140,LM lead,PRNSCHN,,60403,,1,395566,,2018-02-22T17:52:23Z,
6009,LMPA004068894,,21152511,,,,,,,367,,PAPMPLS,,60403,,1,85886,,2018-03-22T11:18:48Z,
6043,LMPA004030218,,3869707,,,,,,,367,,PAPMPLS,,60403,,1,85886,,2018-02-21T14:04:37Z,
6076,LMMT004045983,,12035235,,,,,,,322,,MTFLTFX,,60201,,1,133850,,2018-03-07T12:16:15Z,
6086,LMPA004027222,,4390345,,,,,,,373,,PAPMPLS,,50101,,1,11107265,,2018-02-19T17:36:09Z,
6104,LMAY004028493,,12384391,,,,,,,518,,AYFDLMF,,50101,,1,258160,,2018-02-20T14:34:13Z,
6111,LMAY004028781,,15455629,,,,,,,378,,AYF7LMF,,50101,,1,155184,,2018-02-20T16:29:42Z,
6149,LMKM004033363,,100000000039581,,,,,,,140,walk in,KMAXXXX,,60403,,1,395566,,2018-02-23T10:33:32Z,
6150,LMSV004033364,,100000000039581,,,,,,,140,walk in,SVGXXXX,,60403,,1,395566,,2018-02-23T10:33:32Z,
6167,LMMG004029884,,100000000039563,,,,,,,140,,MGLKRRF,,60403,,1,395566,,2018-02-21T11:15:09Z,
6168,LMTH004029885,,100000000039563,,,,,,,140,,THASM05,,60403,,1,395566,,2018-02-21T11:15:09Z,
6244,LMSV004109871,,100000000040506,,,,,,,140,,SVGXXXX,,60403,,1,395566,,2018-04-20T16:49:02Z,
6245,LMKM004109872,,100000000040506,,,,,,,140,,KMAXXXX,,60403,,1,395566,,2018-04-20T16:49:02Z,
6273,LMSV004030637,,100000000039564,,,,,,,140,ลูกค้า walk in,SVGATMX,,60403,,1,395566,,2018-02-21T16:37:03Z,
6279,LMPA004112159,,5220759,,,,,,,367,,PAPMPLS,,60403,,1,85886,,2018-04-23T14:23:01Z,
6358,LMMT004045974,,18493971,,,,,,,322,,MTFLTFX,,60201,,1,133850,,2018-03-07T12:13:28Z,
6364,LMMT004030361,,10697939,,,,,,,373,,MTFLTFX,,50101,,1,11107265,,2018-02-21T15:22:17Z,
6373,LMMT004029242,,5120719,,,,,,,373,,MTFLTFX,,50101,,1,11107265,,2018-02-20T17:55:57Z,
6466,LMPR004046915,,5068876,,,,,,,373,,PRNSCHN,,50101,,1,11107265,,2018-03-07T18:17:10Z,
6470,LMMT004044415,,14507269,,,,,,,652,,MTFLTFX,,60403,,1,11052537,,2018-03-06T12:31:39Z,
6556,LMMT004112129,,20706911,,,,,,,711,,MTFLTFX,,50101,,1,11114196,,2018-04-23T14:14:12Z,
6610,LMAY004170820,,3747042,,,,,,,688,,AYFELMF,,50101,,1,342063,,2018-06-06T15:33:24Z,
6628,LMPA004031924,,7905487,,,,,,,378,,PAPMPLS,,50101,,1,258574,,2018-02-22T13:23:42Z,
6645,LMMT004031677,,15721353,,,,,,,719,,MTFLTFX,,60201,,1,145383,,2018-02-22T11:13:48Z,
6665,LMAY004112126,,16640313,,,,,,,711,,AYFSLMF,,50101,,1,11114196,,2018-04-23T14:13:22Z,
6674,LMPL004112893,,844674,,,,,,,319,,PLNSCHL,,60403,,1,11086550,,2018-04-23T17:46:43Z,
6881,LMAY004214184,,4125410,,,,,,,96,,AYFSLMF,,60201,,1,135640,,2018-07-09T13:57:57Z,
6975,LMPA003990928,,8204748,,,,,,,373,ครบ 22/1/62,PAPMPLS,,50101,,1,11107265,,2018-01-22T11:21:00Z,
7151,LMAY004112896,,16146506,,,,,,,96,,AYFDLMF,,60201,,1,158444,,2018-04-23T17:47:28Z,
7211,LMAY004213655,,12070415,,,,,,,719,,AYFSDIV,,60201,,1,234419,,2018-07-08T16:40:16Z,
7275,LMAY004144732,,577612,,,,,,,688,,AYFPLUS,,50101,,1,342063,,2018-05-16T16:44:33Z,
7280,LMMT004132249,,17904673,,,,,,,719,,MTFLTFX,,60201,,1,145383,,2018-05-08T20:28:43Z,
7284,LMAY004144968,,991841,,,,,,,688,,AYFELMF,,50101,,1,342063,,2018-05-16T17:27:04Z,
7286,LMAY004144998,,3244366,,,,,,,688,,AYFELMF,,50101,,1,342063,,2018-05-16T17:30:23Z,
7287,LMAY004145027,,3620955,,,,,,,688,,AYFELMF,,50101,,1,342063,,2018-05-16T17:35:02Z,
7288,LMAY004145050,,3830950,,,,,,,688,,AYFELMF,,50101,,1,342063,,2018-05-16T17:38:36Z,
7304,LMPR004145647,,248876,,,,,,,55,,PRNSCHN,,60201,,1,230383,,2018-05-16T19:16:50Z,
7307,LMAY004145832,,5323673,,,,,,,688,,AYFELMF,,50101,,1,342063,,2018-05-16T20:11:53Z,
7339,LMAY004136928,,5246125,,,,,,,358,,AYFSDIV,,60403,,1,181842,,2018-05-11T17:02:16Z,
7372,LMAY004134762,,5228663,,,,,,,358,,AYFSDIV,,60403,,1,181842,,2018-05-10T14:28:36Z,
7514,LMSV004170394,,100000000040924,,,,,,,140,ลูกค้า สาขา,SVGATMX,,60403,,1,395566,,2018-06-06T11:51:36Z,
7515,LMKM004170395,,100000000040924,,,,,,,140,ลูกค้าสาขา,KMAXXXX,,60403,,1,395566,,2018-06-06T11:51:36Z,
7554,LMMT004133029,,343992,,,,,,,96,kfsdiv,MTFOTFD,,60201,,1,71050,,2018-05-09T14:17:29Z,
7703,LMMT004172100,,12896303,,,,,,,140,call,MTFLTFX,,60403,,1,395566,,2018-06-07T12:44:41Z,
7723,LMAY004170801,,3248557,,,,,,,688,,AYFELMF,,50101,,1,342063,,2018-06-06T15:24:04Z,
7753,LMCM004216530,,16027906,,,,,,,288,,CMLXXXX,,60403,,3,137406,,2018-07-10T18:57:10Z,
7861,LMAY004175198,,14258844,,,,,,,688,,AYFDLMF,,50101,,1,342063,,2018-06-09T18:13:16Z,
7877,LMPA004173144,,4844804,,,,,,,373,,PAPMPLS,,50101,,1,11107265,,2018-06-07T18:46:35Z,
7887,LMAY004216134,,12156747,,,,,,,96,,AYFSDIV,,60201,,1,158444,,2018-07-10T17:07:52Z,
7928,LMAY004216405,,5426193,,,,,,,55,,AYFDLMF,,60201,,1,230383,,2018-07-10T18:24:19Z,
7990,LMPR004170246,,729148,,,,,,,96,,PRNSCHN,,60201,,1,71050,,2018-06-06T10:33:20Z,
7992,LMAY004214699,,7586455,,,,,,,373,,AYFELMF,,50101,,1,11107265,,2018-07-09T17:12:52Z,
8034,LMMT004178728,,8177471,,,,,,,719,,MTFLTFX,,60201,,1,145383,,2018-06-12T19:51:35Z,
8113,LMAY004175389,,15729010,,,,,,,347,,AYFDLMF,,60403,,1,158972,,2018-06-10T13:32:53Z,
8207,LMPA004173009,,3231256,,,,,,,55,,PACCRPL,,60201,,1,230383,,2018-06-07T17:52:39Z,
8230,LMAY004214636,,12101342,,,,,,,373,,AYFSLMF,,50101,,1,11107265,,2018-07-09T16:54:26Z,
8270,LMAY004175173,,6098478,,,,,,,688,,AYFELMF,,50101,,1,342063,,2018-06-09T17:35:47Z,
8273,LMAY004175371,,5306107,,,,,,,347,,AYFDLMF,,60403,,1,158972,,2018-06-10T12:59:50Z,
8275,LMAY004174951,,4367344,,,,,,,688,,AYFDLMF,,50101,,1,342063,,2018-06-09T13:12:05Z,
8347,LMAY004216571,,900015112,,,,,,,288,,AYFDLMF,,60403,,3,137406,,2018-07-10T19:20:47Z,
8352,LMAY004174970,,4376310,,,,,,,688,,AYFDLMF,,50101,,1,342063,,2018-06-09T13:39:47Z,
8474,LMPA004174932,,8008122,,,,,,,373,,PAPMPLS,,50101,,1,11107265,,2018-06-09T12:51:46Z,
8478,LMMT004219439,,8085864,,,,,,,149,,MTFLTFX,,60201,,1,92981,,2018-07-12T17:41:16Z,
8643,LMMT004184333,,14317167,,,,,,,719,,MTFLTFX,,60201,,1,145383,,2018-06-15T18:18:11Z,
8836,LMAY004136912,,4418847,,,,,,,358,,AYFSDIV,,60403,,1,181842,,2018-05-11T16:59:24Z,
8851,LMMT004177994,,1107281,,,,,,,719,,MTFLTFX,,60201,,1,11076403,,2018-06-12T15:40:49Z,
9010,LMMT004181055,,5552739,,,,,,,50,,MTFLTFX,,60201,,1,91751,,2018-06-14T12:55:48Z,
9184,LMSM004226518,,4967561,,,,,,,326,,SMESXXX,,50101,,97,121350,,,
9322,LMAY004134760,,5234720,,,,,,,358,,AYFDLMF,,60403,,1,181842,,2018-05-10T14:25:58Z,
9353,LMPR004179831,,18898433,,,,,,,140,call,PRNSCHN,,60403,,1,395566,,2018-06-13T16:24:17Z,
9369,LMPR004179845,,15112443,,,,,,,140,call,PRNSCHN,,60403,,1,395566,,2018-06-13T16:28:05Z,
9451,LMSM004226497,,789292,,,,,,,326,,SMESXXX,,50101,,97,121350,,,
9474,LMMT004134689,,12036191,,,,,,,792,,MTFLTFX,,60201,,1,192641,,2018-05-10T13:42:19Z,
9502,LMSV004181013,,100000000041002,,,,,,,140,walk in,SVGXXXX,,60403,,1,395566,,2018-06-14T12:37:36Z,
9543,LMPM004180727,,14004485,,,,,,,358,,PMVLTFX,,60403,,1,288225,,2018-06-14T10:39:22Z,
9560,LMAY004223190,,3618732,,,,,,,358,,AYFCAPL,,60403,,1,181842,,2018-07-16T14:39:06Z,
9579,LMSM004226533,,5568782,,,,,,,326,,SMESXXX,,50101,,97,121350,,,
9615,LMSM004226507,,3850902,,,,,,,326,,SMESXXX,,50101,,97,121350,,,
9760,LMSM004227175,,14858867,,,,,,,318,,SMSXXXX,,60403,,1,11170677,,2018-07-18T10:08:09Z,
9889,LMMT004239674,,8087255,,,,,,,688,,MTFLTFX,,50101,,1,342063,,2018-07-29T16:14:54Z,
9935,LMAY004239627,,17522100,,,,,,,711,,AYFELMF,,50101,,1,11114196,,2018-07-29T13:40:08Z,
9936,LMMT004237307,,3654989,,,,,,,688,,MTFLTFX,,50101,,1,342063,,2018-07-26T11:17:09Z,
9952,LMMT004228826,,20723878,,,,,,,719,,MTFLTFX,,60201,,1,405241,,2018-07-18T20:23:04Z,
9958,LMAY004227785,,909450,,,,,,,140,,AYFCAPL,,60403,,1,317420,,2018-07-18T14:06:23Z,
9963,LMAY004230121,,11183737,,,,,,,648,,AYFDLMF,,50101,,1,179887,,2018-07-19T17:43:41Z,
9970,LMMT004230366,,10269049,,,,,,,719,,MTFLTFX,,60201,,1,145383,,2018-07-19T19:48:56Z,
9978,LMAY004227823,,13809593,,,,,,,140,,AYFCASH,,60403,,1,317420,,2018-07-18T14:20:25Z,
9990,LMMT004239074,,4054283,,,,,,,688,,MTFLTFX,,50101,,1,342063,,2018-07-27T11:46:31Z,
10040,LMAY004230087,,6043510,,,,,,,648,,AYFDLMF,,50101,,1,179887,,2018-07-19T17:35:55Z,
10082,LMPR004229912,,8547628,,,,,,,140,,PRNSCHN,,60403,,1,337519,,2018-07-19T17:04:35Z,
10139,LMPA004232395,,9701315,,,,,,,319,,PAPMPLS,,60403,,1,11086550,,2018-07-22T16:15:40Z,
10181,LMMT003966474,,12698435,,,,,,,333,,MTFLTFX,,50101,,1,11111531,,2018-01-03T09:45:50Z,
10239,LMSV003999902,,100000000039242,,,,,,,140,,SVGXXXX,,60403,,1,395566,,2018-01-30T17:03:24Z,
10240,LMMT003999903,,100000000039242,,,,,,,140,,MTFBOND,,60403,,1,395566,,2018-01-30T17:03:24Z,
10271,LMAY003995827,,12799306,,,,,,,333,,AYFPLUS,,50101,,10,11111531,,2018-01-25T17:44:49Z,
10306,LMSV003998193,,100000000039222,,,,,,,140,,SVGXXXX,,60403,,1,395566,,2018-01-29T12:25:04Z,
10314,LMKT004141402,,15733599,,,,,,,96,,KTNXXXX,,60201,,1,135640,,2018-05-15T14:38:06Z,
10355,LMMT004141352,,470183,,,,,,,358,,MTFLTFX,,60403,,1,11126653,,2018-05-15T14:14:23Z,
10393,LMPM004000805,,4249780,,,,,,,719,,PMVSTKX,,60201,,1,11076403,,2018-01-31T11:52:47Z,
10410,LMMT003995347,,11252774,,,,,,,373,,MTFLTFX,,50101,,1,11107265,,2018-01-25T14:01:01Z,
10418,LMSV003995573,,100000000039201,,,,,,,140,,SVGATMX,,60403,,1,395566,,2018-01-25T16:30:30Z,
10483,LMMT004046242,,17606995,,,,,,,719,,MTFLTFX,,60201,,1,145383,,2018-03-07T14:53:15Z,
10493,LMAY004052539,,903118,,,,,,,96,,AYFDLMF,,60201,,1,158444,,2018-03-12T17:20:26Z,
10504,LMAY004053159,,3626563,,,,,,,318,,AYF7LMF,,60403,,1,11017753,,2018-03-13T11:17:54Z,
10516,LMPA004004099,,1071624,,,,,,,96,,PAPMPLS,,60201,,1,158444,,2018-02-02T18:26:51Z,
10547,LMAY004053614,,12226006,,,,,,,648,,AYFDLMF,,50101,,1,179887,,2018-03-13T14:47:59Z,
10559,LMAY004033862,,15048657,,,,,,,318,,AYFELMF,,60403,,1,11017753,,2018-02-23T14:58:04Z,
10706,LMMT004034133,,14300349,,,,,,,50,,MTFLTFX,,60201,,1,69120,,2018-02-23T17:00:08Z,
10767,LMPR003999335,,4273351,,,,,,,349,,PRNSCHN,,60201,,1,210724,,2018-01-30T09:54:43Z,
10804,LMPR004003017,,16921621,,,,,,,407,,PRNSCHN,,60201,,10,178145,,2018-02-01T18:00:18Z,
10858,LMMT004036774,,11213288,,,,,,,688,,MTFLTFX,,50101,,1,342063,,2018-02-26T20:01:12Z,
10859,LMMT004036780,,12253500,,,,,,,688,,MTFLTFX,,50101,,1,342063,,2018-02-26T20:04:55Z,
10916,LMAY004054361,,4974637,,,,,,,96,,AYFCASH,,60201,,1,158444,,2018-03-13T18:14:07Z,
10924,LMAY004003903,,17587490,,,,,,,719,,AYFDLMF,,60201,,1,234419,,2018-02-02T16:48:16Z,
10981,LMAY004051367,,16417438,,,,,,,688,,AYFDLMF,,50101,,1,342063,,2018-03-11T19:56:08Z,
10982,LMMT004051368,,20423806,,,,,,,688,,MTFLTFX,,50101,,1,342063,,2018-03-11T19:56:49Z,
11040,LMAY004039317,,282456,,,,,,,264,,AYFPLUS,,50101,,1,89367,,2018-02-28T14:13:16Z,
11057,LMMT004001252,,932811,,,,,,,596,,MTFLTFX,,50101,,1,115899,,2018-01-31T16:28:37Z,
11083,LMAY004047308,,3216162,,,,,,,719,,AYFSDIV,,60201,,1,234419,,2018-03-08T09:39:46Z,
11089,LMMT004055538,,4304746,,,,,,,373,,MTFLTFX,,50101,,1,11107265,,2018-03-14T15:10:52Z,
11131,LMAY004003497,,5426193,,,,,,,719,,AYFSDIV,,60201,,1,234419,,2018-02-02T11:26:11Z,
11150,LMAY004039187,,6868853,,,,,,,264,,AYFPLUS,,50101,,1,89367,,2018-02-28T12:49:58Z,
11257,LMMT004063091,,930265,,,,,,,96,kfcash,MTFOTFD,,60201,,1,71050,,2018-03-19T12:46:47Z,
11391,LMPA004191469,,6663885,,,,,,,719,,PACCRPL,,60201,,1,113753,,2018-06-20T15:28:09Z,
11424,LMAY004119773,,4056817,,,,,,,333,p t E,AYFDLMF,,50101,,10,11111531,,2018-04-27T18:14:51Z,
11457,LMMT004114412,,19626527,,,,,,,25,,MTFLTFX,,60403,,1,185041,,2018-04-24T17:33:06Z,
11473,LMAY004001115,,17785137,,,,,,,373,,AYFTW3X,,50101,,1,11133352,,2018-01-31T15:26:12Z,
11561,LMMT004034216,,12303935,,,,,,,96,,MTFLTFX,,60201,,1,158444,,2018-02-23T17:19:02Z,
11585,LMMT004036778,,12202576,,,,,,,688,,MTFLTFX,,50101,,1,342063,,2018-02-26T20:04:01Z,
11586,LMMT004036790,,12420458,,,,,,,688,,MTFLTFX,,50101,,1,342063,,2018-02-26T20:10:17Z,
11693,LMPM004003699,,100000000039281,,,,,,,530,,PMTCARX,,60403,,1,319251,,2018-02-02T14:27:11Z,
11771,LMPR004039169,,5008586,,,,,,,149,,PRNSCHN,,60201,,1,11154648,,2018-02-28T12:34:52Z,
11774,LMSV004038993,,100000000039661,,,,,,,140,ลูกค้า walk in,SVGXXXX,,60403,,1,395566,,2018-02-28T11:00:05Z,
11775,LMKM004038994,,100000000039661,,,,,,,140,,KMAXXXX,,60403,,1,395566,,2018-02-28T11:00:05Z,
11803,LMAY004113763,,17740517,,,,,,,719,,AYFDLMF,,60201,,1,234419,,2018-04-24T12:55:34Z,
11832,LMPA004037137,,14810624,,,,,,,322,,PACCRPL,,60201,,1,369074,,2018-02-27T10:58:28Z,
11936,LMPA004047267,,13685852,,,,,,,322,,PACCRPL,,60201,,1,388231,,2018-03-08T09:22:32Z,
12043,LMAY004060245,,723690,,,,,,,149,,AYFCASH,,60201,,1,11154648,,2018-03-16T16:13:16Z,
12051,LMMT004045970,,15342420,,,,,,,322,,MTFLTFX,,60201,,1,133850,,2018-03-07T12:12:34Z,
12097,LMMT004079618,,9144468,,,,,,,719,,MTFLTFX,,60201,,1,234419,,2018-03-31T13:31:59Z,
12107,LMMT004037555,,14130594,,,,,,,322,,MTFLTFX,,60201,,1,133850,,2018-02-27T14:23:16Z,
12185,LMAY004059132,,14444447,,,,,,,25,,AYFCASH,,60403,,1,185041,,2018-03-16T09:18:19Z,
12203,LMAY004052580,,3307318,,,,,,,96,,AYFDLMF,,60201,,1,158444,,2018-03-12T17:33:17Z,
12237,LMAY004063262,,5248978,,,,,,,221,,AYFPLUS,,60403,,1,187609,,2018-03-19T13:54:42Z,
12258,LMAY004051365,,18953479,,,,,,,688,,AYFPLUS,,50101,,1,342063,,2018-03-11T19:45:31Z,
12309,LMSV004125565,,100000000040708,,,,,,,140,ลูกค้า สาขา,SVGXXXX,,60403,,1,395566,,2018-05-03T16:47:12Z,
12310,LMKM004125566,,100000000040708,,,,,,,140,ลูกค้าสาขา,KMAXXXX,,60403,,1,395566,,2018-05-03T16:47:12Z,
12315,LMAY004118105,,12267267,,,,,,,96,,AYFDLMF,,60201,,1,158444,,2018-04-26T18:07:14Z,
12366,LMAY004041297,,8741116,,,,,,,373,,AYFSINC,,50101,,1,11133352,,2018-03-02T10:51:21Z,
12402,LMAY004144982,,1055387,,,,,,,688,,AYFELMF,,50101,,1,342063,,2018-05-16T17:28:12Z,
12419,LMMT004145063,,3853085,,,,,,,688,,MTFLTFX,,50101,,1,342063,,2018-05-16T17:40:01Z,
12425,LMMT004148354,,17638984,,,,,,,358,,MTFLTFX,,60403,,1,11126653,,2018-05-18T10:01:13Z,
12427,LMAY004145002,,3584038,,,,,,,688,,AYFELMF,,50101,,1,342063,,2018-05-16T17:31:32Z,
12437,LMPR004003888,,10074456,,,,,,,140,,PRNSCHN,,60403,,1,395566,,2018-02-02T16:42:02Z,
12442,LMAY004124450,,21262541,,,,,,,719,,AYFSEQX,,60201,,1,113753,,2018-05-02T17:38:06Z,
12510,LMAY004050391,,4265289,,,,,,,96,,AYFDLMF,,60201,,1,158444,,2018-03-09T18:23:55Z,
12517,LMAY004145046,,3720488,,,,,,,688,,AYFELMF,,50101,,1,342063,,2018-05-16T17:37:43Z,
12525,LMSM004003188,,900012869,,,,,,,318,,SMSXXXX,,60403,,1,11170677,,2018-02-02T08:50:02Z,
12581,LMMT004045980,,12035235,,,,,,,322,,MTFLTFX,,60201,,1,133850,,2018-03-07T12:15:34Z,
12676,LMAY004070838,,1043900,,,,,,,392,จาก lm,AYUDGOL,,60403,,1,161117,,2018-03-23T17:00:43Z,
12766,LMAY004077368,,3276774,,,,,,,233,,AYFPLUS,,60201,,1,173153,,2018-03-29T17:46:43Z,
12818,LMMT004158496,,15909799,,,,,,,719,,MTFLTFX,,60201,,1,234419,,2018-05-27T10:59:57Z,
12837,LMAY004124444,,19914528,,,,,,,719,,AYFSEQX,,60201,,1,113753,,2018-05-02T17:34:04Z,
13048,LMAY004057650,,481953,,,,,,,333,ลูกค้าขายอสังหาริมทรัพย์ นัดโอนประมาณปลายเดือนมีนาคม 61  จะนำเงินมาพักไว้ก่อน ค่อยตัดสินใจว่าจะลงทุนอะไรเพิ่ม,AYFPLUS,,50101,,1,81935,,2018-03-15T14:43:41Z,
13074,LMPR004049631,,900013496,,,,,,,220,,PRNSCHN,,60403,,1,378190,,2018-03-09T13:39:12Z,
13117,LMMT004136255,,21822077,,,,,,,792,,MTFLTFX,,60201,,1,192641,,2018-05-11T12:53:14Z,
13189,LMPA004127963,,10440025,,,,,,,373,,PAPMPLS,,50101,,1,11107265,,2018-05-05T13:12:18Z,
13244,LMCM004059207,,21233,,,,,,,367,Hotlead ลูกค้าไม่สะดวกคุย,CMLLOAN,,60403,,2,90274,,2018-03-16T09:58:20Z,
13311,LMAY004071312,,18138482,,,,,,,719,,AYF7LMF,,60201,,1,405241,,2018-03-23T20:40:46Z,
13477,LMPR004058353,,626711,,,,,,,55,,PRNSCHN,,60201,,1,230383,,2018-03-15T17:29:11Z,
13478,LMPR004058358,,626720,,,,,,,55,,PRNSCHN,,60201,,1,230383,,2018-03-15T17:29:45Z,
13488,LMSV004077987,,100000000040163,,,,,,,140,,SVGXXXX,,60403,,1,395566,,2018-03-30T11:31:49Z,
13489,LMKM004077988,,100000000040163,,,,,,,140,,KMAXXXX,,60403,,1,395566,,2018-03-30T11:31:49Z,
13555,LMAY004062087,,17645418,,,,,,,719,,AYFDLMF,,60201,,1,234419,,2018-03-18T11:30:59Z,
13583,LMIN004148222,,303315,,,,,,,85,ถอนเงินไปถมที่สร้างหอพัก,INAPASK,,50101,,1,93385,,2018-05-18T09:26:40Z,
13771,LMPR004049619,,15730402,,,,,,,220,,PRNSCHN,,60403,,1,378190,,2018-03-09T13:33:15Z,
13864,LMAY004048411,,3504369,,,,,,,373,,AYFMTFI,,50101,,1,11133352,,2018-03-08T17:16:18Z,
13905,LMSV004165941,,100000000040891,,,,,,,140,ลค สาขา,SVGXXXX,,60403,,1,395566,,2018-06-01T16:46:14Z,
13906,LMKM004165942,,100000000040891,,,,,,,140,ล/ค สาขา,KMAXXXX,,60403,,1,395566,,2018-06-01T16:46:14Z,
13968,LMPR004190374,,4247571,,,,,,,349,,PRNSCHN,,60201,,1,210724,,2018-06-19T18:23:24Z,
14014,LMAY004160542,,18003201,,,,,,,719,,AYFDLMF,,60201,,1,234419,,2018-05-30T09:06:15Z,
14088,LMMT004196554,,8940080,,,,,,,877,,MTFOTFD,,60201,,2,158311,,2018-06-24T19:06:20Z,
14124,LMPR004138267,,16313227,,,,,,,799,,PRNSCHN,,60403,,1,191320,,2018-05-13T13:54:13Z,
14147,LMAY004049803,,9720625,,,,,,,719,,AYFDLMF,,60201,,1,234419,,2018-03-09T15:26:51Z,
14256,LMAY004119653,,17659637,,,,,,,96,,AYFDLMF,,60201,,1,158444,,2018-04-27T17:47:34Z,
14258,LMAY004153834,,5426193,,,,,,,719,,AYFDLMF,,60201,,1,234419,,2018-05-23T09:42:48Z,
14409,LMAY004163848,,5259147,,,,,,,288,,AYFPLUS,,60403,,10,137406,,2018-05-31T15:11:46Z,
14410,LMAY004163931,,13895755,,,,,,,96,,AYFCA70,,60201,,1,158444,,2018-05-31T15:45:33Z,
14521,LMMT004119710,,11181957,,,,,,,652,,MTFLTFX,,60403,,1,339432,,2018-04-27T17:57:46Z,
14715,LMMT004190863,,3583416,,,,,,,711,,MTFLTFX,,50101,,1,11114196,,2018-06-20T09:40:36Z,
14754,LMMT004160207,,18002057,,,,,,,719,,MTFLTFX,,60201,,1,234419,,2018-05-29T11:55:34Z,
14866,LMAY004059502,,9101776,,,,,,,719,,AYFDLMF,,60201,,1,234419,,2018-03-16T11:25:57Z,
14892,LMAY004128191,,19293,,,,,,,688,,AYFPLUS,,50101,,1,342063,,2018-05-05T18:37:22Z,
14942,LMPR004164818,,18060931,,,,,,,85,,PRNSCHN,,50101,,2,287870,,2018-05-31T18:31:11Z,
14944,LMMT004153469,,7271017,,,,,,,719,,MTFLTFX,,60201,,1,145383,,2018-05-22T17:57:44Z,
15006,LMAY004155481,,5233932,,,,,,,288,,AYFCAPL,,60403,,1,137406,,2018-05-24T10:53:29Z,
15025,LMAY004162442,,7528685,,,,,,,96,,AYFDLMF,,60201,,1,158444,,2018-05-30T17:59:17Z,
15089,LMAY004163727,,5213198,,,,,,,288,,AYFPLUS,,60403,,1,137406,,2018-07-10T19:06:53Z,
15133,LMPA004124172,,900014414,,,,,,,322,,PACXXXX,,60201,,1,172551,,2018-05-02T16:26:27Z,
15174,LMPR004122639,,867609,,,,,,,55,,PRNSCHN,,60201,,1,230383,,2018-04-30T17:56:13Z,
15181,LMAY004185848,,12943797,,,,,,,711,,AYFDLMF,,50101,,1,11192788,,2018-06-17T20:21:10Z,
15221,LMAY004145835,,6657976,,,,,,,688,,AYFELMF,,50101,,1,342063,,2018-05-16T20:12:38Z,
15232,LMPA004154767,,10365483,,,,,,,378,,PAPMPLS,,50101,,1,258574,,2018-05-23T16:55:02Z,
15234,LMAY004154879,,10366167,,,,,,,96,,AYFDLMF,,60201,,1,158444,,2018-05-23T17:33:09Z,
15268,LMMT004160588,,18325124,,,,,,,719,,MTFLTFX,,60201,,1,234419,,2018-05-30T09:24:10Z,
15282,LMAY004145862,,15689536,,,,,,,688,,AYFMTFI,,50101,,1,342063,,2018-05-16T20:22:05Z,
15384,LMAY004184919,,16472777,,,,,,,719,,AYFSDIV,,60201,,1,234419,,2018-06-16T12:25:00Z,
15560,LMAY004145839,,7155020,,,,,,,688,,AYFELMF,,50101,,1,342063,,2018-05-16T20:13:34Z,
15561,LMAY004145842,,8011749,,,,,,,688,,AYFELMF,,50101,,1,342063,,2018-05-16T20:15:17Z,
15624,LMMT004154173,,16422179,,,,,,,719,,MTFLTFX,,60201,,1,234419,,2018-05-23T12:37:12Z,
15824,LMMT004236885,,12241805,,,,,,,407,,MTFLTFX,,60201,,1,262881,,2018-07-25T20:12:35Z,
15851,LMAY004165559,,12706755,,,,,,,719,,AYFELMF,,60201,,1,113753,,2018-06-01T12:11:14Z,
15872,LMAY004145180,,22092325,,,,,,,96,,AYF7030,,60201,,1,158444,,2018-05-16T17:58:24Z,
15911,LMSM004192140,,15762878,,,,,,,326,,SMESXXX,,50101,,97,121350,,,
15918,LMMT004196950,,18038963,,,,,,,333,,MTFLTFX,,50101,,7,11111531,,2018-06-25T12:15:26Z,
15943,LMAY004145852,,8295762,,,,,,,688,,AYFELMF,,50101,,1,342063,,2018-05-16T20:18:07Z,
15953,LMAY004208305,,951393,,,,,,,140,,AYFCAPL,,60403,,1,317420,,2018-07-04T11:05:22Z,
15964,LMMT004198984,,12727464,,,,,,,719,,MTFLTFX,,60201,,1,145383,,2018-06-26T15:00:47Z,
16099,LMAY004163695,,413016,,,,,,,288,,AYFPLUS,,60403,,1,137406,,2018-07-10T18:58:31Z,
16140,LMMT004127486,,987617,,,,,,,55,,MTFLTFX,,60201,,1,230383,,2018-05-04T18:11:14Z,
16254,LMMT004239076,,4288720,,,,,,,688,,MTFLTFX,,50101,,1,342063,,2018-07-27T11:47:28Z,
16274,LMMT004065881,,12049556,,,,,,,719,,MTFLTFX,,60201,,1,145383,,2018-03-20T15:21:17Z,
16321,LMMT004239756,,11032287,,,,,,,688,,MTFLTFX,,50101,,1,342063,,2018-07-29T17:05:32Z,
16322,LMMT004237527,,4023224,,,,,,,688,,MTFLTFX,,50101,,1,342063,,2018-07-26T12:19:47Z,
16331,LMAY004077351,,4208214,,,,,,,233,,AYFPLUS,,60201,,1,173153,,2018-03-29T17:43:40Z,
16370,LMMT004239527,,5920163,,,,,,,688,,MTFLTFX,,50101,,1,342063,,2018-07-29T10:59:17Z,
16380,LMMT004237291,,3216398,,,,,,,688,,MTFLTFX,,50101,,1,342063,,2018-07-26T11:14:09Z,
16398,LMMT004239807,,13011318,,,,,,,688,,MTFLTFX,,50101,,1,342063,,2018-07-29T17:38:51Z,
16399,LMMT004239815,,15714952,,,,,,,688,,MTFLTFX,,50101,,1,342063,,2018-07-29T17:43:18Z,
16425,LMMT004239797,,12447812,,,,,,,688,,MTFLTFX,,50101,,1,342063,,2018-07-29T17:33:50Z,
16448,LMMT004239684,,9424660,,,,,,,688,,MTFLTFX,,50101,,1,342063,,2018-07-29T16:25:01Z,
16514,LMMT004239667,,6863663,,,,,,,688,,MTFLTFX,,50101,,1,342063,,2018-07-29T16:07:48Z,
16603,LMMT004239676,,8105400,,,,,,,688,,MTFLTFX,,50101,,1,342063,,2018-07-29T16:16:14Z,
16606,LMMT004239810,,13851285,,,,,,,688,,MTFLTFX,,50101,,1,342063,,2018-07-29T17:40:46Z,
16607,LMMT004239811,,14879440,,,,,,,688,,MTFLTFX,,50101,,1,342063,,2018-07-29T17:41:38Z,
16657,LMPA004187644,,4739356,,,,,,,326,,PACCRPL,,50101,,1,285544,,2018-06-18T17:25:17Z,
16660,LMMT004189061,,11215799,,,,,,,596,,MTFLTFX,,50101,,1,115899,,2018-06-19T12:50:25Z,
16716,LMMT004239049,,4026770,,,,,,,688,,MTFLTFX,,50101,,1,342063,,2018-07-27T11:06:38Z,
16762,LMTH004186144,,12052721,,,,,,,288,,THASMSL,,60403,,3,137406,,2018-07-10T19:10:52Z,
16778,LMMT004237270,,824064,,,,,,,688,,MTFLTFX,,50101,,1,342063,,2018-07-26T11:09:49Z,
16802,LMPA004191372,,7565569,,,,,,,326,,PACCRPL,,50101,,1,121350,,2018-06-20T14:19:07Z,
16819,LMAY004187647,,4258261,,,,,,,96,,AYFDLMF,,60201,,1,158444,,2018-06-18T17:26:22Z,
16842,LMMT004239750,,10663095,,,,,,,688,,MTFLTFX,,50101,,1,342063,,2018-07-29T17:03:38Z,
16843,LMMT004239792,,12211040,,,,,,,688,,MTFLTFX,,50101,,1,342063,,2018-07-29T17:29:04Z,
16872,LMMT004239088,,4309190,,,,,,,688,,MTFLTFX,,50101,,1,342063,,2018-07-27T12:07:33Z,
16897,LMMT004239814,,15577165,,,,,,,688,,MTFLTFX,,50101,,1,342063,,2018-07-29T17:42:29Z,
16899,LMMT004239673,,7779782,,,,,,,688,,MTFLTFX,,50101,,1,342063,,2018-07-29T16:13:48Z,
16906,LMMT004239663,,6156772,,,,,,,688,,MTFLTFX,,50101,,1,342063,,2018-07-29T16:02:41Z,
16946,LMMT004239672,,7617223,,,,,,,688,,MTFLTFX,,50101,,1,342063,,2018-07-29T16:11:29Z,
16951,LMMT004239825,,15932866,,,,,,,688,,MTFLTFX,,50101,,1,342063,,2018-07-29T17:48:15Z,
16952,LMMT004239858,,19347380,,,,,,,688,,MTFLTFX,,50101,,1,342063,,2018-07-29T18:11:05Z,
16953,LMMT004239859,,19664044,,,,,,,688,,MTFLTFX,,50101,,1,342063,,2018-07-29T18:12:04Z,
16960,LMMT004239795,,12417201,,,,,,,688,,MTFLTFX,,50101,,1,342063,,2018-07-29T17:32:36Z,
16961,LMMT004239809,,13763388,,,,,,,688,,MTFLTFX,,50101,,1,342063,,2018-07-29T17:39:49Z,
16962,LMMT004239821,,15851937,,,,,,,688,,MTFLTFX,,50101,,1,342063,,2018-07-29T17:44:56Z,
16988,LMMT004237302,,3592670,,,,,,,688,,MTFLTFX,,50101,,1,342063,,2018-07-26T11:16:24Z,
16989,LMMT004237333,,3759019,,,,,,,688,,MTFLTFX,,50101,,1,342063,,2018-07-26T11:22:54Z,
16990,LMMT004237512,,3881131,,,,,,,688,,MTFLTFX,,50101,,1,342063,,2018-07-26T12:15:30Z,
16994,LMMT004239091,,5833492,,,,,,,688,,MTFLTFX,,50101,,1,342063,,2018-07-27T12:13:05Z,
17007,LMMT004239670,,7116791,,,,,,,688,,MTFLTFX,,50101,,1,342063,,2018-07-29T16:10:21Z,
17009,LMMT004239779,,12161957,,,,,,,688,,MTFLTFX,,50101,,1,342063,,2018-07-29T17:13:47Z,
17010,LMMT004239791,,12202576,,,,,,,688,,MTFLTFX,,50101,,1,342063,,2018-07-29T17:27:49Z,
17011,LMMT004239794,,12374773,,,,,,,688,,MTFLTFX,,50101,,1,342063,,2018-07-29T17:31:48Z,
17012,LMMT004239805,,12985868,,,,,,,688,,MTFLTFX,,50101,,1,342063,,2018-07-29T17:38:03Z,
17094,LMAY004074375,,7670495,,,,,,,96,,AYFDLMF,,60201,,1,158444,,2018-03-27T18:23:27Z,
17211,LMSM004194884,,610022,,,,,,,326,,SMESXXX,,50101,,97,121350,,,
17226,LMPA004192812,,17931852,,,,,,,514,,PAPMPLS,,60403,,1,191916,,2018-06-21T11:29:13Z,
17281,LMMT003969491,,2631010,,,,,,,530,,MTFLTFX,,60403,,1,127365,,2018-01-05T18:31:35Z,
17319,LMSV004081148,,100000000040221,,,,,,,140,ลูกค้า walk in,SVGATMX,,60403,,1,395566,,2018-04-03T10:42:57Z,
17320,LMVD004081149,,100000000040221,,,,,,,140,ลูกค้า walk in,VDBXXXX,,60403,,1,395566,,2018-04-03T10:42:57Z,
17333,LMSM004081150,,100000000040221,,,,,,,140,,SMSXXXX,,60403,,1,395566,,2018-04-03T10:42:57Z,
17390,LMSM004194887,,792609,,,,,,,326,,SMESXXX,,50101,,97,121350,,,
17420,LMTH004201084,,100000000041182,,,,,,,358,,THASMSL,,60403,,1,181842,,2018-06-27T17:40:19Z,
17501,LMAY004165566,,4421395,,,,,,,719,,AYFPLUS,,60201,,1,113753,,2018-06-01T12:18:53Z,
17508,LMPR004208257,,100000000041304,,,,,,,140,call,PRNSCHN,,60403,,1,395566,,2018-07-04T10:47:21Z,
17518,LMKM004199116,,100000000041162,,,,,,,140,pay roll,KMAXXXX,,60403,,1,395566,,2018-06-26T16:01:29Z,
17519,LMSV004199117,,100000000041162,,,,,,,140,pay roll,SVGXXXX,,60403,,1,395566,,2018-06-26T16:01:29Z,
17552,LMAY004165563,,4258703,,,,,,,719,,AYFSLMF,,60201,,1,113753,,2018-06-01T12:15:56Z,
17697,LMMT004165731,,4239963,,,,,,,96,,MTFLTFX,,60201,,1,158444,,2018-06-01T15:11:58Z,
17703,LMAY004080224,,7381328,,,,,,,530,,AYFPLUS,,60403,,1,236687,,2018-04-02T11:22:03Z,
17711,LMMT004206846,,3900875,,,,,,,373,,MTFLTFX,,50101,,1,11107265,,2018-07-03T11:47:09Z,
17761,LMAY004205281,,22275853,,,,,,,711,,AYFELMF,,50101,,1,11114196,,2018-06-30T14:51:45Z,
17766,LMPA003967344,,20519026,,,,,,,373,,PAPMPLS,,50101,,1,11107265,,2018-01-04T12:00:24Z,
17834,LMAY004083804,,3281442,,,,,,,96,,AYFDLMF,,60201,,1,158444,,2018-04-04T17:19:09Z,
17852,LMAY004212848,,12110212,,,,,,,96,,AYFDLMF,,60201,,1,158444,,2018-07-06T18:13:57Z,
17882,LMAY004077019,,7634484,,,,,,,96,,AYFDLMF,,60201,,1,158444,,2018-03-29T16:06:25Z,
17894,LMAY004080228,,19630443,,,,,,,530,,AYFPLUS,,60403,,1,236687,,2018-04-02T11:23:17Z,
17940,LMMT004197246,,11280577,,,,,,,96,,MTFLTFX,,60201,,1,158444,,2018-06-25T15:28:03Z,
17950,LMPR004207254,,6285157,,,,,,,322,,PRNSCHN,,60201,,1,210740,,2018-07-03T15:42:15Z,
17957,LMMT004195720,,4041722,,,,,,,688,,MTFLTFX,,50101,,1,273011,,2018-06-22T17:59:46Z,
17960,LMMM004081878,,100000000040225,,,,,,,140,,MMAXSVG,,60403,,1,395566,,2018-04-03T15:43:29Z,
17961,LMKM004081879,,100000000040225,,,,,,,140,,KMAXXXX,,60403,,1,395566,,2018-04-03T15:43:29Z,
18092,LMSV004205994,,100000000041262,,,,,,,140,pay roll,SVGATMX,,60403,,1,395566,,2018-07-02T12:25:18Z,
18093,LMKM004205995,,100000000041262,,,,,,,140,pay roll,KMAXXXX,,60403,,1,395566,,2018-07-02T12:25:18Z,
18181,LMAY004209908,,19460475,,,,,,,347,,AYFDLMF,,60403,,1,158972,,2018-07-05T09:45:25Z,
18248,LMMT004195396,,16481811,,,,,,,688,,MTFLTFX,,50101,,1,273011,,2018-06-22T16:47:40Z,
18298,LMAY004204797,,15281884,,,,,,,96,,AYFDLMF,,60201,,1,158444,,2018-06-29T18:44:08Z,
18317,LMCM004205329,,12939423,,,,,,,373,- ลค เตรียมเอกสาร,CMLXXXX,,50101,,97,269753,,,
18321,LMAY004202605,,6507316,,,,,,,96,,AYF7030,,60201,,1,158444,,2018-06-28T17:20:35Z,
18353,LMMT004209585,,534802,,,,,,,378,,MTFLTFX,,50101,,1,155184,,2018-07-04T18:26:57Z,
18422,LMAY004202320,,4274694,,,,,,,719,,AYFSDIV,,60201,,1,113753,,2018-06-28T16:00:08Z,
18513,LMCR004212698,,900010526,,,,,,,719,,CRLCR4C,,60201,,1,145383,,2018-07-06T17:21:36Z,
18632,LMKM004212453,,100000000041342,,,,,,,140,walk in,KMAXXXX,,60403,,1,395566,,2018-07-06T16:00:29Z,
18633,LMSV004212454,,100000000041342,,,,,,,140,walk in,SVGATMX,,60403,,1,395566,,2018-07-06T16:00:30Z,
18792,LMMT004212085,,4246204,,,,,,,96,,MTFLTFX,,60201,,1,135640,,2018-07-06T14:16:01Z,
18839,LMMT003967104,,8542150,,,,,,,333,,MTFLTFX,,50101,,1,11111531,,2018-01-04T09:30:54Z,
